precision,recall,duration,f1,loss
0.0,0.0,8.477755069732666,0.0,0.5363483428955078
