precision,recall,duration,f1,loss
0.0,0.0,12.96530294418335,0.0,0.6144391894340515
