precision,recall,duration,f1,loss
0.0,0.0,15.919196605682373,0.0,0.5900309681892395
