precision,recall,duration,f1,loss
0.0,0.0,32.58922290802002,0.0,0.532484233379364
