precision,recall,duration,f1,loss
0.0,0.0,64.14102101325989,0.0,1.4654628038406372
