precision,recall,duration,f1,loss
1.0,0.058823529411764705,63.66637301445007,0.1111111111111111,0.3853347599506378
