precision,recall,duration,f1,loss
0.65,0.8125,58.274778842926025,0.7222222222222222,0.9556930661201477
