precision,recall,duration,f1,loss
1.0,0.47368421052631576,57.346327781677246,0.6428571428571429,0.7283971309661865
