precision,recall,duration,f1,loss
0.6428571428571429,0.5,61.16682291030884,0.5625,1.1722170114517212
