precision,recall,duration,f1,loss
0.5,0.8,59.99342131614685,0.6153846153846154,1.1024640798568726
