precision,recall,duration,f1,loss
0.6666666666666666,0.8888888888888888,61.95834422111511,0.7619047619047619,0.5913324952125549
