precision,recall,duration,f1,loss
0.8461538461538461,0.6111111111111112,55.36542320251465,0.7096774193548387,3.461531639099121
