precision,recall,duration,f1,loss
1.0,0.5,63.39784789085388,0.6666666666666666,0.855093240737915
