precision,recall,duration,f1,loss
0.6,0.8181818181818182,61.3874876499176,0.6923076923076923,1.3232271671295166
