precision,recall,duration,f1,loss
0.0,0.0,334.86835837364197,0.0,0.5907401442527771
