precision,recall,duration,f1,loss
0.0,0.0,437.0126612186432,0.0,0.011388126760721207
