precision,recall,duration,f1,loss
0.7692307692307693,0.5263157894736842,279.4602310657501,0.625,0.06010337173938751
