precision,recall,duration,f1,loss
0.0,0.0,323.9698750972748,0.0,0.4866349995136261
