precision,recall,duration,f1,loss
1.0,0.1111111111111111,290.5123450756073,0.2,0.46911635994911194
