precision,recall,duration,f1,loss
0.8333333333333334,0.2777777777777778,305.8722960948944,0.4166666666666667,0.9832481145858765
