precision,recall,duration,f1,loss
0.0,0.0,401.3604233264923,0.0,4.570256351144053e-08
