precision,recall,duration,f1,loss
1.0,0.4444444444444444,319.68151354789734,0.6153846153846154,0.26352161169052124
