precision,recall,duration,f1,loss
0.4444444444444444,0.36363636363636365,281.8724105358124,0.4,0.7641870379447937
