precision,recall,duration,f1,loss
0.0,0.0,339.46996331214905,0.0,0.59434974193573
