precision,recall,duration,f1,loss
0.5714285714285714,0.36363636363636365,772.1076953411102,0.4444444444444444,0.6895263195037842
