precision,recall,duration,f1,loss
0.0,0.0,958.6976370811462,0.0,0.26379960775375366
