precision,recall,duration,f1,loss
0.5,0.1111111111111111,690.646106004715,0.18181818181818182,0.6545161008834839
