precision,recall,duration,f1,loss
0.7142857142857143,0.5555555555555556,1092.683477640152,0.625,0.7032783627510071
