precision,recall,duration,f1,loss
0.8125,0.6842105263157895,781.5109322071075,0.7428571428571429,0.6574488878250122
