precision,recall,duration,f1,loss
0.5925925925925926,1.0,1043.91969704628,0.7441860465116279,0.4995860159397125
