precision,recall,duration,f1,loss
0.0,0.0,747.986631155014,0.0,0.3354746401309967
