precision,recall,duration,f1,loss
0.7,0.4666666666666667,683.4140863418579,0.56,0.6760910749435425
