precision,recall,duration,f1,loss
1.0,0.2222222222222222,833.9805264472961,0.36363636363636365,0.6355657577514648
