precision,recall,duration,f1,loss
1.0,1.0,636.4243941307068,1.0,0.7948381900787354
