precision,recall,duration,f1,loss
0.14285714285714285,0.1111111111111111,1987.8989701271057,0.125,0.6617587804794312
