precision,recall,duration,f1,loss
0.6153846153846154,0.5333333333333333,3912.440311908722,0.5714285714285714,5.6811018112057354e-06
