precision,recall,duration,f1,loss
0.0,0.0,2336.82532787323,0.0,0.32378682494163513
