precision,recall,duration,f1,loss
0.25,0.09090909090909091,2526.1633265018463,0.13333333333333333,0.2604462504386902
