precision,recall,duration,f1,loss
0.6206896551724138,1.0,1905.232370853424,0.7659574468085106,0.6229837536811829
