precision,recall,duration,f1,loss
1.0,0.21052631578947367,2178.7839164733887,0.34782608695652173,0.6138253808021545
