precision,recall,duration,f1,loss
0.45454545454545453,0.3125,1882.380882024765,0.37037037037037035,0.6857874989509583
