precision,recall,duration,f1,loss
1.0,0.11764705882352941,3430.3883662223816,0.21052631578947367,0.2689476013183594
