precision,recall,duration,f1,loss
1.0,1.0,2056.408462047577,1.0,0.6658317446708679
