precision,recall,duration,f1,loss
1.0,0.05555555555555555,2058.7455196380615,0.10526315789473684,0.6361588835716248
