precision,recall,duration,f1,loss
0.6,0.6,24.53772473335266,0.6,1056.6885986328125
