precision,recall,duration,f1,loss
0.7058823529411765,0.6,39.7836229801178,0.6486486486486487,884.5812377929688
