precision,recall,duration,f1,loss
0.5625,0.47368421052631576,51.55928635597229,0.5142857142857142,780.21337890625
