precision,recall,duration,f1,loss
0.5,0.29411764705882354,23.559133529663086,0.37037037037037035,1012.5853881835938
