precision,recall,duration,f1,loss
0.4230769230769231,0.6470588235294118,42.595862865448,0.5116279069767442,741.8359375
