precision,recall,duration,f1,loss
1.0,0.13636363636363635,49.69629263877869,0.24,1071.503662109375
