precision,recall,duration,f1,loss
0.625,0.9375,47.89868211746216,0.75,776.5689697265625
