precision,recall,duration,f1,loss
0.7272727272727273,0.4444444444444444,31.86192512512207,0.5517241379310345,460.8199462890625
