precision,recall,duration,f1,loss
0.6666666666666666,0.6,50.36594820022583,0.631578947368421,546.3678588867188
