precision,recall,duration,f1,loss
0.5,0.375,37.830459117889404,0.42857142857142855,1191.87744140625
