precision,recall,duration,f1,loss
0.6842105263157895,0.7222222222222222,13.978946208953857,0.7027027027027027,0.6622394919395447
