precision,recall,duration,f1,loss
0.875,0.875,23.424086570739746,0.875,0.5457209944725037
