precision,recall,duration,f1,loss
1.0,0.11764705882352941,16.47993493080139,0.21052631578947367,0.6279430985450745
