precision,recall,duration,f1,loss
0.6923076923076923,0.47368421052631576,16.94908046722412,0.5625,0.9800997972488403
