precision,recall,duration,f1,loss
0.5,0.05,18.79349446296692,0.09090909090909091,0.7172365188598633
