precision,recall,duration,f1,loss
1.0,0.3181818181818182,17.606263637542725,0.4827586206896552,0.052954208105802536
