precision,recall,duration,f1,loss
0.0,0.0,15.317879676818848,0.0,0.7210123538970947
