precision,recall,duration,f1,loss
1.0,0.7333333333333333,18.762266874313354,0.8461538461538461,0.566419243812561
