precision,recall,duration,f1,loss
0.25,0.125,17.074352025985718,0.16666666666666666,0.5623769760131836
