precision,recall,duration,f1,loss
0.0,0.0,16.571190357208252,0.0,0.5987672805786133
