precision,recall,duration,f1,loss
0.0,0.0,79.54954409599304,0.0,0.6829085946083069
