precision,recall,duration,f1,loss
0.0,0.0,57.95841026306152,0.0,0.6953412294387817
