precision,recall,duration,f1,loss
0.0,0.0,57.62923264503479,0.0,0.6941694021224976
