precision,recall,duration,f1,loss
0.0,0.0,78.37256097793579,0.0,0.6927430629730225
