precision,recall,duration,f1,loss
0.0,0.0,60.59672212600708,0.0,0.694965124130249
