precision,recall,duration,f1,loss
0.0,0.0,58.558096408843994,0.0,0.6959470510482788
