precision,recall,duration,f1,loss
0.0,0.0,57.19221019744873,0.0,0.6942504048347473
