precision,recall,duration,f1,loss
0.0,0.0,58.326082706451416,0.0,0.6947277188301086
