precision,recall,duration,f1,loss
0.0,0.0,60.50973153114319,0.0,0.6945083737373352
