precision,recall,duration,f1,loss
0.0,0.0,69.70101237297058,0.0,0.6829088926315308
