precision,recall,duration,f1,loss
0.7272727272727273,0.9411764705882353,33.85520529747009,0.8205128205128205,0.5201067924499512
