precision,recall,duration,f1,loss
0.5555555555555556,1.0,36.17136597633362,0.7142857142857143,0.6436521410942078
