precision,recall,duration,f1,loss
0.0,0.0,32.26517939567566,0.0,0.662230372428894
