precision,recall,duration,f1,loss
0.7272727272727273,0.8888888888888888,41.839054584503174,0.8,0.2513757050037384
