precision,recall,duration,f1,loss
0.7222222222222222,0.5909090909090909,31.08553910255432,0.65,0.5673951506614685
