precision,recall,duration,f1,loss
0.6666666666666666,0.5263157894736842,46.824190855026245,0.5882352941176471,0.43295273184776306
