precision,recall,duration,f1,loss
0.8888888888888888,0.47058823529411764,41.42793011665344,0.6153846153846154,0.24295705556869507
