precision,recall,duration,f1,loss
0.3333333333333333,0.2,38.74459409713745,0.25,0.3905491828918457
