precision,recall,duration,f1,loss
0.5714285714285714,1.0,39.3357572555542,0.7272727272727273,0.4849587678909302
