precision,recall,duration,f1,loss
0.47058823529411764,1.0,32.824798583984375,0.64,0.6142828464508057
