precision,recall,duration,f1,loss
0.0,0.0,27.05801773071289,0.0,0.5639445185661316
