precision,recall,duration,f1,loss
0.14285714285714285,1.0,26.814186573028564,0.25,0.6527001857757568
