precision,recall,duration,f1,loss
0.5,0.5,88.30739784240723,0.5,0.6685135960578918
