precision,recall,duration,f1,loss
0.0,0.0,22.769118070602417,0.0,0.5773175954818726
