precision,recall,duration,f1,loss
0.0,0.0,5.940277338027954,0.0,0.695848822593689
