precision,recall,duration,f1,loss
0.0,0.0,6.862679481506348,0.0,0.7311936020851135
