precision,recall,duration,f1,loss
0.0,0.0,7.343127965927124,0.0,0.7020776867866516
