precision,recall,duration,f1,loss
0.0,0.0,7.4663190841674805,0.0,0.6961652636528015
