precision,recall,duration,f1,loss
0.0,0.0,5.876769781112671,0.0,0.6727617383003235
