precision,recall,duration,f1,loss
0.0,0.0,11.796878099441528,0.0,0.6971067786216736
