precision,recall,duration,f1,loss
0.0,0.0,7.3391077518463135,0.0,0.6856319308280945
