precision,recall,duration,f1,loss
0.0,0.0,7.785898447036743,0.0,0.7078414559364319
