precision,recall,duration,f1,loss
0.0,0.0,7.102540016174316,0.0,0.7188249230384827
