precision,recall,duration,f1,loss
0.0,0.0,7.140113592147827,0.0,0.733858585357666
