precision,recall,duration,f1,loss
0.0,0.0,14.427564144134521,0.0,0.6553755402565002
