precision,recall,duration,f1,loss
0.0,0.0,18.411718368530273,0.0,0.49854859709739685
