precision,recall,duration,f1,loss
0.0,0.0,16.647868156433105,0.0,0.6484176516532898
