precision,recall,duration,f1,loss
0.0,0.0,26.00063991546631,0.0,0.6088841557502747
