precision,recall,duration,f1,loss
0.625,0.5555555555555556,31.116748332977295,0.5882352941176471,0.5798599123954773
