precision,recall,duration,f1,loss
0.14285714285714285,0.0625,18.724241495132446,0.08695652173913043,0.6914318203926086
