precision,recall,duration,f1,loss
0.0,0.0,28.46009349822998,0.0,0.6466856002807617
