precision,recall,duration,f1,loss
0.64,0.9411764705882353,29.566906213760376,0.7619047619047619,0.6482871174812317
