precision,recall,duration,f1,loss
0.0,0.0,16.69186568260193,0.0,0.6751683354377747
