precision,recall,duration,f1,loss
0.0,0.0,15.003267049789429,0.0,0.9993528723716736
