precision,recall,duration,f1,loss
0.0,0.0,13.68627119064331,0.0,0.6792804598808289
