precision,recall,duration,f1,loss
0.0,0.0,14.048033952713013,0.0,0.7324785590171814
