precision,recall,duration,f1,loss
0.0,0.0,16.892704486846924,0.0,0.6912732720375061
