precision,recall,duration,f1,loss
0.0,0.0,30.192521333694458,0.0,0.7497478723526001
