precision,recall,duration,f1,loss
0.0,0.0,22.796674251556396,0.0,0.6924991011619568
