precision,recall,duration,f1,loss
0.0,0.0,15.071006536483765,0.0,0.7028899788856506
