precision,recall,duration,f1,loss
0.0,0.0,14.948654174804688,0.0,0.696103036403656
