precision,recall,duration,f1,loss
0.0,0.0,14.510755062103271,0.0,0.6814212799072266
