precision,recall,duration,f1,loss
0.0,0.0,15.213327646255493,0.0,0.701575517654419
