precision,recall,duration,f1,loss
0.0,0.0,15.370147943496704,0.0,0.691921591758728
