precision,recall,duration,f1,loss
0.6,0.3,26.671079635620117,0.4,0.6839011907577515
