precision,recall,duration,f1,loss
0.0,0.0,31.66876745223999,0.0,0.747972846031189
