precision,recall,duration,f1,loss
0.5384615384615384,0.4666666666666667,33.58878993988037,0.5,0.6913655996322632
