precision,recall,duration,f1,loss
0.6071428571428571,1.0,31.80731201171875,0.7555555555555555,0.777587354183197
