precision,recall,duration,f1,loss
0.5882352941176471,1.0,32.173617124557495,0.7407407407407407,0.9121149182319641
