precision,recall,duration,f1,loss
0.0,0.0,33.70121955871582,0.0,0.6886413097381592
