precision,recall,duration,f1,loss
0.0,0.0,31.54703402519226,0.0,0.7024084329605103
