precision,recall,duration,f1,loss
0.52,0.8125,35.328940629959106,0.6341463414634146,0.6908099055290222
