precision,recall,duration,f1,loss
0.0,0.0,32.24297475814819,0.0,0.6894618272781372
