precision,recall,duration,f1,loss
0.7142857142857143,0.45454545454545453,46.42455220222473,0.5555555555555556,0.5367879867553711
