precision,recall,duration,f1,loss
0.6470588235294118,0.6111111111111112,35.77685213088989,0.6285714285714286,3.4239840507507324
