precision,recall,duration,f1,loss
0.5,0.4666666666666667,21.80040979385376,0.4827586206896552,2.344731330871582
