precision,recall,duration,f1,loss
0.5384615384615384,0.4375,35.84807777404785,0.4827586206896552,3.5285239219665527
