precision,recall,duration,f1,loss
0.5384615384615384,0.4117647058823529,8.804089307785034,0.4666666666666667,2.7342047691345215
