precision,recall,duration,f1,loss
0.64,0.7272727272727273,8.135275602340698,0.6808510638297872,2.0142931938171387
