precision,recall,duration,f1,loss
0.6666666666666666,0.5,38.013296365737915,0.5714285714285714,2.4079344272613525
