precision,recall,duration,f1,loss
0.7692307692307693,0.5555555555555556,7.889451265335083,0.6451612903225806,1.4989908933639526
