precision,recall,duration,f1,loss
0.6,0.5294117647058824,7.239248514175415,0.5625,2.06103515625
