precision,recall,duration,f1,loss
0.3,0.375,38.6814067363739,0.3333333333333333,3.204697847366333
