precision,recall,duration,f1,loss
0.5555555555555556,0.5,36.79096007347107,0.5263157894736842,3.668001174926758
