precision,recall,duration,f1,loss
0.0,0.0,42.15172266960144,0.0,0.7145903706550598
