precision,recall,duration,f1,loss
1.0,0.3333333333333333,27.356974601745605,0.5,0.3102533221244812
