precision,recall,duration,f1,loss
0.0,0.0,52.498915910720825,0.0,0.5547273755073547
