precision,recall,duration,f1,loss
0.9411764705882353,0.8888888888888888,40.682801246643066,0.9142857142857143,0.7021750807762146
