precision,recall,duration,f1,loss
0.9285714285714286,0.7647058823529411,30.75753164291382,0.8387096774193549,0.597279965877533
