precision,recall,duration,f1,loss
0.0,0.0,42.77634358406067,0.0,0.2716127634048462
