precision,recall,duration,f1,loss
0.8947368421052632,0.7727272727272727,23.725152015686035,0.8292682926829268,0.7002306580543518
