precision,recall,duration,f1,loss
1.0,0.9,52.160071849823,0.9473684210526315,0.2751311659812927
