precision,recall,duration,f1,loss
1.0,0.125,39.45141339302063,0.2222222222222222,0.2812383770942688
