precision,recall,duration,f1,loss
0.3333333333333333,0.1,25.091395139694214,0.15384615384615385,0.3695543110370636
