precision,recall,duration,f1,loss
0.5294117647058824,0.5,129.90067839622498,0.5142857142857142,0.6771007776260376
