precision,recall,duration,f1,loss
0.5,0.0625,155.86076474189758,0.1111111111111111,0.7325998544692993
