precision,recall,duration,f1,loss
0.625,0.8823529411764706,130.40593099594116,0.7317073170731707,0.6893264055252075
