precision,recall,duration,f1,loss
0.8,0.2222222222222222,134.3585159778595,0.34782608695652173,0.7268972992897034
