precision,recall,duration,f1,loss
0.5555555555555556,0.3333333333333333,215.03716325759888,0.4166666666666667,0.8014965653419495
