precision,recall,duration,f1,loss
0.8181818181818182,0.5294117647058824,133.84507131576538,0.6428571428571429,0.6792896389961243
