precision,recall,duration,f1,loss
0.72,0.8181818181818182,141.16496109962463,0.7659574468085106,0.6945858001708984
