precision,recall,duration,f1,loss
0.0,0.0,260.9799244403839,0.0,0.8077617883682251
