precision,recall,duration,f1,loss
0.6153846153846154,0.4,809.5510749816895,0.48484848484848486,0.7347510457038879
