precision,recall,duration,f1,loss
0.3333333333333333,0.125,265.9235634803772,0.18181818181818182,0.6844340562820435
