precision,recall,duration,f1,loss
1.0,0.7058823529411765,24.147770166397095,0.8275862068965517,0.4300220310688019
