precision,recall,duration,f1,loss
0.75,0.375,19.82826519012451,0.5,0.5144723653793335
