precision,recall,duration,f1,loss
0.0,0.0,33.08712577819824,0.0,0.11501266062259674
