precision,recall,duration,f1,loss
0.0,0.0,21.71367311477661,0.0,0.5811543464660645
