precision,recall,duration,f1,loss
0.2,0.1,19.79966139793396,0.13333333333333333,0.6881795525550842
