precision,recall,duration,f1,loss
0.0,0.0,18.66554570198059,0.0,0.6776084899902344
