precision,recall,duration,f1,loss
1.0,0.85,19.892765522003174,0.918918918918919,0.5494089126586914
