precision,recall,duration,f1,loss
0.9411764705882353,0.8888888888888888,23.394217252731323,0.9142857142857143,0.7345979809761047
