precision,recall,duration,f1,loss
1.0,0.3333333333333333,20.436761379241943,0.5,0.6185034513473511
