precision,recall,duration,f1,loss
0.75,0.9545454545454546,21.199399709701538,0.84,0.670548677444458
