precision,recall,duration,f1,loss
0.4,1.0,24.09602665901184,0.5714285714285714,0.8153506517410278
