precision,recall,duration,f1,loss
0.0,0.0,130.28727531433105,0.0,0.6881213188171387
