precision,recall,duration,f1,loss
0.0,0.0,29.601901531219482,0.0,0.6637398600578308
