precision,recall,duration,f1,loss
0.0,0.0,35.99726843833923,0.0,0.6275855302810669
