precision,recall,duration,f1,loss
0.0,0.0,611.1323323249817,0.0,0.0942186489701271
