precision,recall,duration,f1,loss
0.0,0.0,283.9918944835663,0.0,0.6325737833976746
