precision,recall,duration,f1,loss
0.0,0.0,398.8956849575043,0.0,0.30898597836494446
